{
  "products": [
    {
      "id": "1",
      "title": "nike1",
      "description": "some description of nike1",
      "old": "816",
      "new": "524",
      "rating": "3",
      "discount": "12",
      "tags": "men",
      "image": "./assets/img/a (1).jpg"
    },
    {
      "id": "2",
      "title": "nike2",
      "description": "some description of nike2",
      "old": "863",
      "new": "565",
      "rating": "1",
      "discount": "37",
      "tags": "men",
      "image": "./assets/img/a (2).jpg"
    },
    {
      "id": "3",
      "title": "nike3",
      "description": "some description of nike3",
      "old": "831",
      "new": "449",
      "rating": "3",
      "discount": "54",
      "tags": "men",
      "image": "./assets/img/a (3).jpg"
    },
    {
      "id": "4",
      "title": "nike4",
      "description": "some description of nike4",
      "old": "817",
      "new": "476",
      "rating": "2",
      "discount": "39",
      "tags": "men",
      "image": "./assets/img/a (4).jpg"
    },
    {
      "id": "5",
      "title": "nike5",
      "description": "some description of nike5",
      "old": "889",
      "new": "588",
      "rating": "4",
      "discount": "52",
      "tags": "men",
      "image": "./assets/img/a (5).jpg"
    },
    {
      "id": "6",
      "title": "nike6",
      "description": "some description of nike6",
      "old": "820",
      "new": "527",
      "rating": "2",
      "discount": "29",
      "tags": "men",
      "image": "./assets/img/a (6).jpg"
    },
    {
      "id": "7",
      "title": "nike7",
      "description": "some description of nike7",
      "old": "820",
      "new": "554",
      "rating": "1",
      "discount": "59",
      "tags": "men",
      "image": "./assets/img/a (7).jpg"
    },
    {
      "id": "8",
      "title": "nike8",
      "description": "some description of nike8",
      "old": "842",
      "new": "444",
      "rating": "2",
      "discount": "45",
      "tags": "men",
      "image": "./assets/img/a (8).jpg"
    },
    {
      "id": "9",
      "title": "nike9",
      "description": "some description of nike9",
      "old": "894",
      "new": "423",
      "rating": "4",
      "discount": "48",
      "tags": "women",
      "image": "./assets/img/a (9).jpg"
    },
    {
      "id": "10",
      "title": "nike10",
      "description": "some description of nike10",
      "old": "865",
      "new": "543",
      "rating": "2",
      "discount": "23",
      "tags": "women",
      "image": "./assets/img/a (10).jpg"
    },
    {
      "id": "11",
      "title": "nike11",
      "description": "some description of nike11",
      "old": "847",
      "new": "486",
      "rating": "2",
      "discount": "49",
      "tags": "women",
      "image": "./assets/img/a (11).jpg"
    },
    {
      "id": "12",
      "title": "nike12",
      "description": "some description of nike12",
      "old": "830",
      "new": "407",
      "rating": "3",
      "discount": "13",
      "tags": "women",
      "image": "./assets/img/a (12).jpg"
    },
    {
      "id": "13",
      "title": "nike13",
      "description": "some description of nike13",
      "old": "804",
      "new": "582",
      "rating": "1",
      "discount": "31",
      "tags": "women",
      "image": "./assets/img/a (13).jpg"
    },
    {
      "id": "14",
      "title": "nike14",
      "description": "some description of nike14",
      "old": "896",
      "new": "597",
      "rating": "4",
      "discount": "33",
      "tags": "women",
      "image": "./assets/img/a (14).jpg"
    },
    {
      "id": "15",
      "title": "nike15",
      "description": "some description of nike15",
      "old": "864",
      "new": "412",
      "rating": "2",
      "discount": "14",
      "tags": "women",
      "image": "./assets/img/a (15).jpg"
    },
    {
      "id": "16",
      "title": "nike16",
      "description": "some description of nike16",
      "old": "801",
      "new": "505",
      "rating": "5",
      "discount": "59",
      "tags": "women",
      "image": "./assets/img/a (16).jpg"
    },
    {
      "id": "17",
      "title": "nike17",
      "description": "some description of nike17",
      "old": "896",
      "new": "507",
      "rating": "2",
      "discount": "18",
      "tags": "kids",
      "image": "./assets/img/a (17).jpg"
    },
    {
      "id": "18",
      "title": "nike18",
      "description": "some description of nike18",
      "old": "878",
      "new": "411",
      "rating": "3",
      "discount": "11",
      "tags": "kids",
      "image": "./assets/img/a (18).jpg"
    },
    {
      "id": "19",
      "title": "nike19",
      "description": "some description of nike19",
      "old": "858",
      "new": "466",
      "rating": "3",
      "discount": "11",
      "tags": "kids",
      "image": "./assets/img/a (19).jpg"
    },
    {
      "id": "20",
      "title": "nike20",
      "description": "some description of nike20",
      "old": "813",
      "new": "554",
      "rating": "2",
      "discount": "56",
      "tags": "kids",
      "image": "./assets/img/a (20).jpg"
    },
    {
      "id": "21",
      "title": "nike21",
      "description": "some description of nike21",
      "old": "855",
      "new": "444",
      "rating": "5",
      "discount": "15",
      "tags": "kids",
      "image": "./assets/img/a (21).jpg"
    },
    {
      "id": "22",
      "title": "nike22",
      "description": "some description of nike22",
      "old": "815",
      "new": "498",
      "rating": "3",
      "discount": "45",
      "tags": "kids",
      "image": "./assets/img/a (22).jpg"
    },
    {
      "id": "23",
      "title": "nike23",
      "description": "some description of nike23",
      "old": "899",
      "new": "572",
      "rating": "1",
      "discount": "52",
      "tags": "kids",
      "image": "./assets/img/a (23).jpg"
    },
    {
      "id": "24",
      "title": "nike24",
      "description": "some description of nike24",
      "old": "898",
      "new": "441",
      "rating": "3",
      "discount": "19",
      "tags": "kids",
      "image": "./assets/img/a (24).jpg"
    },
    {
      "id": "25",
      "title": "nike25",
      "description": "some description of nike25",
      "old": "848",
      "new": "504",
      "rating": "3",
      "discount": "11",
      "tags": "shoes",
      "image": "./assets/img/a (25).jpg"
    },
    {
      "id": "26",
      "title": "nike26",
      "description": "some description of nike26",
      "old": "865",
      "new": "595",
      "rating": "5",
      "discount": "41",
      "tags": "shoes",
      "image": "./assets/img/a (26).jpg"
    },
    {
      "id": "27",
      "title": "nike27",
      "description": "some description of nike27",
      "old": "811",
      "new": "424",
      "rating": "2",
      "discount": "32",
      "tags": "shoes",
      "image": "./assets/img/a (27).jpg"
    },
    {
      "id": "28",
      "title": "nike28",
      "description": "some description of nike28",
      "old": "862",
      "new": "509",
      "rating": "1",
      "discount": "51",
      "tags": "shoes",
      "image": "./assets/img/a (28).jpg"
    },
    {
      "id": "29",
      "title": "nike29",
      "description": "some description of nike29",
      "old": "806",
      "new": "462",
      "rating": "3",
      "discount": "22",
      "tags": "shoes",
      "image": "./assets/img/a (29).jpg"
    },
    {
      "id": "30",
      "title": "nike30",
      "description": "some description of nike30",
      "old": "844",
      "new": "438",
      "rating": "2",
      "discount": "55",
      "tags": "shoes",
      "image": "./assets/img/a (30).jpg"
    },
    {
      "id": "31",
      "title": "nike31",
      "description": "some description of nike31",
      "old": "824",
      "new": "500",
      "rating": "3",
      "discount": "39",
      "tags": "shoes",
      "image": "./assets/img/a (31).jpg"
    },
    {
      "id": "32",
      "title": "nike32",
      "description": "some description of nike32",
      "old": "808",
      "new": "477",
      "rating": "5",
      "discount": "16",
      "tags": "shoes",
      "image": "./assets/img/a (32).jpg"
    },
    {
      "id": "33",
      "title": "nike33",
      "description": "some description of nike33",
      "old": "860",
      "new": "426",
      "rating": "3",
      "discount": "35",
      "tags": "campus",
      "image": "./assets/img/a (33).jpg"
    },
    {
      "id": "34",
      "title": "nike34",
      "description": "some description of nike34",
      "old": "818",
      "new": "416",
      "rating": "4",
      "discount": "33",
      "tags": "campus",
      "image": "./assets/img/a (34).jpg"
    },
    {
      "id": "35",
      "title": "nike35",
      "description": "some description of nike35",
      "old": "872",
      "new": "565",
      "rating": "4",
      "discount": "51",
      "tags": "campus",
      "image": "./assets/img/a (35).jpg"
    },
    {
      "id": "36",
      "title": "nike36",
      "description": "some description of nike36",
      "old": "824",
      "new": "529",
      "rating": "5",
      "discount": "13",
      "tags": "campus",
      "image": "./assets/img/a (36).jpg"
    },
    {
      "id": "37",
      "title": "nike37",
      "description": "some description of nike37",
      "old": "819",
      "new": "463",
      "rating": "4",
      "discount": "19",
      "tags": "puma",
      "image": "./assets/img/a (37).jpg"
    },
    {
      "id": "38",
      "title": "nike38",
      "description": "some description of nike38",
      "old": "807",
      "new": "406",
      "rating": "1",
      "discount": "23",
      "tags": "puma",
      "image": "./assets/img/a (38).jpg"
    },
    {
      "id": "39",
      "title": "nike39",
      "description": "some description of nike39",
      "old": "806",
      "new": "568",
      "rating": "2",
      "discount": "33",
      "tags": "puma",
      "image": "./assets/img/a (39).jpg"
    },
    {
      "id": "40",
      "title": "nike40",
      "description": "some description of nike40",
      "old": "849",
      "new": "404",
      "rating": "4",
      "discount": "40",
      "tags": "puma",
      "image": "./assets/img/a (40).jpg"
    },
    {
      "id": "41",
      "title": "nike41",
      "description": "some description of nike41",
      "old": "820",
      "new": "527",
      "rating": "4",
      "discount": "19",
      "tags": "puma",
      "image": "./assets/img/a (41).jpg"
    },
    {
      "id": "42",
      "title": "nike42",
      "description": "some description of nike42",
      "old": "805",
      "new": "552",
      "rating": "3",
      "discount": "49",
      "tags": "nike",
      "image": "./assets/img/a (42).jpg"
    },
    {
      "id": "43",
      "title": "nike43",
      "description": "some description of nike43",
      "old": "856",
      "new": "481",
      "rating": "5",
      "discount": "60",
      "tags": "nike",
      "image": "./assets/img/a (43).jpg"
    },
    {
      "id": "44",
      "title": "nike44",
      "description": "some description of nike44",
      "old": "853",
      "new": "447",
      "rating": "4",
      "discount": "47",
      "tags": "nike",
      "image": "./assets/img/a (44).jpg"
    },
    {
      "id": "45",
      "title": "nike45",
      "description": "some description of nike45",
      "old": "847",
      "new": "550",
      "rating": "3",
      "discount": "10",
      "tags": "nike",
      "image": "./assets/img/a (45).jpg"
    },
    {
      "id": "46",
      "title": "nike46",
      "description": "some description of nike46",
      "old": "808",
      "new": "479",
      "rating": "2",
      "discount": "44",
      "tags": "nike",
      "image": "./assets/img/a (46).jpg"
    },
    {
      "id": "47",
      "title": "nike47",
      "description": "some description of nike47",
      "old": "830",
      "new": "443",
      "rating": "2",
      "discount": "13",
      "tags": "nike",
      "image": "./assets/img/a (47).jpg"
    },
    {
      "id": "48",
      "title": "nike48",
      "description": "some description of nike48",
      "old": "885",
      "new": "534",
      "rating": "1",
      "discount": "10",
      "tags": "nike",
      "image": "./assets/img/a (48).jpg"
    },
    {
      "id": "49",
      "title": "nike49",
      "description": "some description of nike49",
      "old": "871",
      "new": "400",
      "rating": "1",
      "discount": "20",
      "tags": "nike",
      "image": "./assets/img/a (49).jpg"
    },
    {
      "id": "50",
      "title": "nike50",
      "description": "some description of nike50",
      "old": "816",
      "new": "580",
      "rating": "4",
      "discount": "59",
      "tags": "nike",
      "image": "./assets/img/a (50).jpg"
    }
  ],
  "tags": [
    {
      "t": "campus",
      "c": "4"
    },
    {
      "t": "kids",
      "c": "8"
    },
    {
      "t": "men",
      "c": "8"
    },
    {
      "t": "nike",
      "c": "9"
    },
    {
      "t": "puma",
      "c": "5"
    },
    {
      "t": "shoes",
      "c": "8"
    },
    {
      "t": "women",
      "c": "8"
    }
  ],
  "cart": [],
  "orders": [
    {
      "title": "nike1",
      "description": "some description of nike1",
      "old": "816",
      "new": "524",
      "rating": "3",
      "discount": "12",
      "tags": "men",
      "image": "./assets/img/a (1).jpg",
      "name": "lalit",
      "email": "lalit@gmail.com",
      "phone": "1234567890",
      "password": "lalit",
      "uid": 1,
      "pid": "1",
      "qty": 1,
      "id": 2
    },
    {
      "title": "nike1",
      "description": "some description of nike1",
      "old": "816",
      "new": "524",
      "rating": "3",
      "discount": "12",
      "tags": "men",
      "image": "./assets/img/a (1).jpg",
      "name": "lalit",
      "email": "lalit@gmail.com",
      "phone": "1234567890",
      "password": "lalit",
      "uid": 1,
      "pid": "1",
      "qty": 1,
      "id": 1
    },
    {
      "title": "nike2",
      "description": "some description of nike2",
      "old": "863",
      "new": "565",
      "rating": "1",
      "discount": "37",
      "tags": "men",
      "image": "./assets/img/a (2).jpg",
      "name": "lalit",
      "email": "lalit@gmail.com",
      "phone": "1234567890",
      "password": "lalit",
      "uid": 1,
      "pid": "2",
      "qty": 1,
      "id": 3
    },
    {
      "title": "nike3",
      "description": "some description of nike3",
      "old": "831",
      "new": "449",
      "rating": "3",
      "discount": "54",
      "tags": "men",
      "image": "./assets/img/a (3).jpg",
      "name": "lalit",
      "email": "lalit@gmail.com",
      "phone": "1234567890",
      "password": "lalit",
      "uid": 1,
      "pid": "3",
      "qty": 4,
      "id": 4
    }
  ],
  "users": [
    {
      "name": "lalit",
      "email": "lalit@gmail.com",
      "phone": "1234567890",
      "password": "lalit@123",
      "id": 1
    },
    {
      "name": "rahuman",
      "email": "rahuman@gmail.com",
      "phone": "234567890",
      "password": "rahuman",
      "id": 3
    }
  ]
}